Name,Cost,Kanji
Blog: 100個捨てチャレンジを終えて 1,144,話上生中気一人
Blog: 100個捨てチャレンジを終えて 2,37,中書出
Blog: 100個捨てチャレンジを終えて 5,7,日
Blog: 100個捨てチャレンジを終えて 6,102,時分気
Blog: 100個捨てチャレンジを終えて 7,389,今年出水分時気外上本
Blog: 100個捨てチャレンジを終えて 8,40,気日
Blog: 100個捨てチャレンジを終えて 9,489,長何書気一大時年出水分学行見人
Blog: 100個捨てチャレンジを終えて 10,388,中年気入前上出今休日
Blog: 100個捨てチャレンジを終えて 11,25,一
Blog: 100個捨てチャレンジを終えて 13,190,年一前今分気入何見生
Blog: 100個捨てチャレンジを終えて 14,94,一聞時
Blog: 100個捨てチャレンジを終えて 15,248,本入一来年間気後
Blog: カタログギフト大好き人間 3,41,子入
Blog: カタログギフト大好き人間 5,96,本分入
Blog: カタログギフト大好き人間 7,103,今見書
Blog: カタログギフト大好き人間 9,25,中
Blog: カタログギフト大好き人間 13,75,本入
Blog: カタログギフト大好き人間 14,72,本大
Blog: カタログギフト大好き人間 15,42,人間本
Blog: カタログギフト大好き人間 16,65,入
Blog: カタログギフト大好き人間 19,58,上
Blog: カタログギフト大好き人間 21,72,中上
Blog: カタログギフト大好き人間 22,40,生上
Blog: カタログギフト大好き人間 25,79,一何出
Blog: カタログギフト大好き人間 27,32,子
Blog: カタログギフト大好き人間 30,23,大下
Blog: カタログギフト大好き人間 31,24,書人間
Blog: なんと儚きラ・フランス 1,21,間前
Blog: なんと儚きラ・フランス 2,66,月前山六入
Blog: なんと儚きラ・フランス 3,34,来日人山
Blog: なんと儚きラ・フランス 4,114,食時間
Blog: なんと儚きラ・フランス 5,176,来日高食書女気入
Blog: なんと儚きラ・フランス 6,81,日来上食
Blog: なんと儚きラ・フランス 7,230,入出何中
Blog: なんと儚きラ・フランス 8,138,書中月日
Blog: なんと儚きラ・フランス 9,117,日入学東行食時間三人
Blog: なんと儚きラ・フランス 10,98,一間食何高
Blog: なんと儚きラ・フランス 11,142,食月日来
Blog: なんと儚きラ・フランス 12,50,食日
Blog: なんと儚きラ・フランス 14,45,今年中
Blog: なんと儚きラ・フランス 15,60,来年
Blog: 日記：冬の風物詩、ふるさと納税 1,125,人学先時北高
Blog: 日記：冬の風物詩、ふるさと納税 2,210,大月毎年行今聞本入来一間
Blog: 日記：冬の風物詩、ふるさと納税 3,218,今年北長本何時間見土名国大
Blog: 日記：冬の風物詩、ふるさと納税 4,161,今先行長気何書見日
Blog: セルフ・リハビリ生活 1,169,行先入日間生時外出
Blog: セルフ・リハビリ生活 2,216,入中上半下一後食二
Blog: セルフ・リハビリ生活 3,281,食前入白子気何行
Blog: セルフ・リハビリ生活 4,449,白生午前中西東日入時分右先左出今一気
Blog: 久々だから溜まりに溜まった最近（？）の話がしたい 1,44,書間話気
Blog: 久々だから溜まりに溜まった最近（？）の話がしたい 2,40,今一月
Blog: 久々だから溜まりに溜まった最近（？）の話がしたい 4,79,本書行日
Blog: 久々だから溜まりに溜まった最近（？）の話がしたい 5,55,年
Blog: 久々だから溜まりに溜まった最近（？）の話がしたい 6,43,書
Blog: 久々だから溜まりに溜まった最近（？）の話がしたい 7,68,時間日
Blog: 久々だから溜まりに溜まった最近（？）の話がしたい 8,118,前書分時間食生
Blog: 久々だから溜まりに溜まった最近（？）の話がしたい 9,85,分書日
Blog: 久々だから溜まりに溜まった最近（？）の話がしたい 10,23,一日二八時間
Blog: 久々だから溜まりに溜まった最近（？）の話がしたい 13,64,本大間書
Blog: 久々だから溜まりに溜まった最近（？）の話がしたい 15,37,大分気
Blog: 久々だから溜まりに溜まった最近（？）の話がしたい 16,27,先行上
Blog: 久々だから溜まりに溜まった最近（？）の話がしたい 17,28,学生時気
Blog: 久々だから溜まりに溜まった最近（？）の話がしたい 18,67,金話人
Blog: 久々だから溜まりに溜まった最近（？）の話がしたい 19,119,人時間長気
Blog: 久々だから溜まりに溜まった最近（？）の話がしたい 20,40,気入話
Blog: 久々だから溜まりに溜まった最近（？）の話がしたい 22,72,時
Blog: 久々だから溜まりに溜まった最近（？）の話がしたい 25,63,大来出
Blog: 久々だから溜まりに溜まった最近（？）の話がしたい 31,27,上高
Blog: 久々だから溜まりに溜まった最近（？）の話がしたい 33,28,語
Blog: 久々だから溜まりに溜まった最近（？）の話がしたい 34,34,後
Blog: 久々だから溜まりに溜まった最近（？）の話がしたい 35,111,語行
Blog: 久々だから溜まりに溜まった最近（？）の話がしたい 36,23,話
Blog: 久々だから溜まりに溜まった最近（？）の話がしたい 37,35,入
Blog: 久々だから溜まりに溜まった最近（？）の話がしたい 39,111,来電子
Blog: 久々だから溜まりに溜まった最近（？）の話がしたい 40,26,今出
Blog: 久々だから溜まりに溜まった最近（？）の話がしたい 42,28,高
Blog: 久々だから溜まりに溜まった最近（？）の話がしたい 44,72,出
Blog: 久々だから溜まりに溜まった最近（？）の話がしたい 45,70,今話上
Blog: 久々だから溜まりに溜まった最近（？）の話がしたい 46,62,一本出気大
Blog: 久々だから溜まりに溜まった最近（？）の話がしたい 47,150,人見生分
Blog: 久々だから溜まりに溜まった最近（？）の話がしたい 48,36,生気
Blog: 久々だから溜まりに溜まった最近（？）の話がしたい 51,23,出
Blog: 久々だから溜まりに溜まった最近（？）の話がしたい 52,94,出気後
Blog: 久々だから溜まりに溜まった最近（？）の話がしたい 53,68,間気
Blog: 久々だから溜まりに溜まった最近（？）の話がしたい 54,61,子本
Blog: 久々だから溜まりに溜まった最近（？）の話がしたい 55,54,年下
Blog: 久々だから溜まりに溜まった最近（？）の話がしたい 57,26,書今出
Blog: 久々だから溜まりに溜まった最近（？）の話がしたい 58,24,出
Blog: 久々だから溜まりに溜まった最近（？）の話がしたい 59,30,二月前出来
Blog: 久々だから溜まりに溜まった最近（？）の話がしたい 60,37,出
Blog: 久々だから溜まりに溜まった最近（？）の話がしたい 61,61,時書
Blog: 久々だから溜まりに溜まった最近（？）の話がしたい 62,75,分間書時今後
Blog: 久々だから溜まりに溜まった最近（？）の話がしたい 64,46,間今
Blog: ズートピア2 1,259,日間時後大年人今前上
Blog: ズートピア2 2,69,間出
Blog: ズートピア2 3,130,外気
Blog: ズートピア2 4,254,間見出前先人話行
Blog: ズートピア2 5,184,子前今中行白高
Blog: ズートピア2 6,402,本中行語時一人生分前見
Blog: ズートピア2 7,87,今何気食名
Blog: ズートピア2 8,69,上高
Blog: 暁降ちのころ 1,68,上本出人
Blog: 暁降ちのころ 2,107,人出北万毎木南年月上分
Blog: 暁降ちのころ 4,21,下
Blog: 暁降ちのころ 5,369,生木北先高毎女万気前人金本下山南
Blog: 暁降ちのころ 7,141,上白北気見
Blog: 暁降ちのころ 8,176,行生話今白日下山気後分
Bunpro 1 1,27,本
Bunpro 1 2,24,中先生本
Bunpro 1 3,16,山先生本
Bunpro 1 4,23,本
Bunpro 1 5,31,本
Bunpro 1 6,20,学生
Bunpro 1 7,36,友名前学生
Bunpro 1 8,38,中先生日本語
Bunpro 2 2,41,父見
Bunpro 2 3,34,母食
Bunpro 2 4,22,今日天気
Bunpro 2 5,33,大
Bunpro 2 8,20,中先生
Bunpro 2 12,18,中先生
Bunpro 3 1,96,食日
Bunpro 3 2,42,名前
Bunpro 3 3,48,友名前
Bunpro 3 4,49,水
Bunpro 4 1,41,今日行
Bunpro 4 3,33,行
Bunpro 4 4,40,食
Bunpro 4 5,36,車白
Bunpro 4 6,34,小車
Bunpro 4 7,53,今日出車
Bunpro 5 2,38,友食今
Bunpro 5 4,55,友高話
Bunpro 5 5,44,日電車大行食
Bunpro 5 6,39,友日行高
Bunpro 5 7,55,高日行
Bunpro 5 8,24,父電車行
Bunpro 5 9,28,母車行
Bunpro 5 10,26,小今日先生一人
Bunpro 5 11,52,日今母父
Bunpro 6 1,55,父行外出気分
Bunpro 6 2,15,行
Bunpro 6 3,52,母行人
Bunpro 6 4,58,父母行食今
Bunpro 6 5,12,車行
Bunpro 6 6,60,父車行中子
Bunpro 6 8,196,母入生見大来中日聞時行
Bunpro 7 3,40,十分前今
Bunpro 7 5,27,前電車時
Bunpro 7 6,33,入時
Bunpro 7 7,39,後入前
Bunpro 7 8,40,後一
Bunpro 7 9,41,出来時下
Bunpro 7 10,27,出時下
Bunpro 7 11,30,出時
Bunpro 7 12,6,一月後
Bunpro 7 13,18,見
Bunpro 7 14,43,行出
Bunpro 7 15,61,小学生行来年下
Bunpro 7 16,49,後
Bunpro 7 17,23,行
Bunpro 7 18,30,行
Bunpro 7 19,41,行気
Bunpro 7 20,32,行一年
Bunpro 7 21,35,行大
Bunpro 8 1,26,今日何
Bunpro 8 2,38,母食入
Bunpro 8 3,22,入食
Bunpro 8 4,29,母前一食
Bunpro 8 5,38,本
Bunpro 8 6,29,母
Bunpro 8 7,42,今友
Bunpro 8 8,27,母
Bunpro 8 9,32,食
Bunpro 8 10,42,母名聞
Bunpro 8 11,18,食
Bunpro 8 12,18,気
Bunpro 8 13,10,気
Bunpro 8 16,19,分
Bunpro 8 17,23,見毎日
Bunpro 8 19,16,後
Bunpro 8 20,22,上
Bunpro 8 21,14,後
Bunpro 8 22,39,上
Bunpro 8 24,35,大
Bunpro 9 1,21,山先車
Bunpro 9 2,15,木聞
Bunpro 9 3,18,山車
Bunpro 9 4,56,木車本見
Bunpro 9 5,72,山上車
Bunpro 9 6,50,木車
Bunpro 9 7,31,山車
Bunpro 9 8,55,木人先
Bunpro 9 9,13,山
Bunpro 9 10,28,中人間書
Bunpro 9 11,30,人間
Bunpro 9 12,93,中人間毎年行気書
Bunpro 9 13,26,見
Bunpro 9 14,50,中気見人間
Bunpro 9 15,33,中気
Bunpro 9 16,62,中日前書出下聞
Bunpro 10 1,36,友生日
Bunpro 10 2,21,友人
Bunpro 10 3,34,食
Bunpro 10 4,14,友人食
Bunpro 10 5,22,一食
Bunpro 10 6,25,友人
Bunpro 10 8,27,友人中食
Bunpro 10 10,14,友人
Bunpro 10 11,56,下今見
Bunpro 10 12,19,友人
Bunpro 10 14,83,友人分一食大
Bunpro 10 16,45,先月一下
Bunpro 10 18,56,今一
Bunpro 10 20,34,出来
Bunpro 10 21,40,下見何
Bunpro 10 22,32,来
Blog: 日本語の数字を楽しく学ぼう 1,145,日本語見七九五書学今
Blog: 日本語の数字を楽しく学ぼう 2,123,本一二三四五六七八九十読話中
Blog: 日本語の数字を楽しく学ぼう 3,115,大百千円日本読
Blog: 日本語の数字を楽しく学ぼう 4,113,五七時学校行今日九人友生書
Blog: 日本語の数字を楽しく学ぼう 5,111,後日今十四毎書
Blog: かんたん天気レッスン：空と自然を読もう 1,100,日本語天気生雨話今学
Blog: かんたん天気レッスン：空と自然を読もう 2,101,雨大小日前
Blog: かんたん天気レッスン：空と自然を読もう 3,112,天気毎日話川見
Blog: かんたん天気レッスン：空と自然を読もう 4,113,天気生火日雨車
Blog: かんたん天気レッスン：空と自然を読もう 5,109,学日本語川水天気出来一書
Article: 日本語の数学 1,257,日本語話分学人
Article: 日本語の数学 2,215,日本語書学話
Article: 日本語の数学 3,243,日本語書大話母学
Article: 日本語の数学 4,144,日本語学出
Article: 日本語の数学 5,497,一二三四五六七八九十日本見読気人分
Article: 日本語の数学 6,116,日本書下見
Article: 日本語の数学 7,37,語日本
Article: 日本語の数学 8,577,十一二三四五六七八九日本語先前書下見
Article: 日本語の数学 9,37,語日本
Article: 日本語の数学 10,485,十二三四五六七八九日本語学下見
Article: 日本語の数学 11,37,語日本
Article: 日本語の数学 12,2892,二十一三四五六七八九百日本大書
Article: 日本語の数学 13,249,日本語大今話学中
Article: 日本語の数学 14,64,日本語学上
Article: 揺らぎ始めた急造政権 1,158,高国年今後日本外
Article: 揺らぎ始めた急造政権 2,176,国今後木一高出上年
Article: 揺らぎ始めた急造政権 3,108,木後前見
Article: 揺らぎ始めた急造政権 4,231,国木中年半時月今高
Article: 揺らぎ始めた急造政権 5,115,前時先国半下
Article: ノーベル賞授賞式 1,128,日本時間生学大北川人
Article: ノーベル賞授賞式 2,330,生学大年月日午後時分見北川間行人上中
Article: ノーベル賞授賞式 3,106,学生後人国大
Article: ノーベル賞授賞式 4,92,後本人生日話北川分
Article: ノーベル賞授賞式 5,100,見北川分金
Article: 「国家情報会議」の体制案判明 1,152,分国長来年月出
Article: 「国家情報会議」の体制案判明 2,187,人一外国分間見高月後木長
Article: 「国家情報会議」の体制案判明 3,180,長国上外
Article: 「国家情報会議」の体制案判明 4,103,国上長
Article: 「国家情報会議」の体制案判明 5,82,国日本書月一上
Article: エンジン不具合で着陸地変更 1,117,日午後時分行本北人
Article: エンジン不具合で着陸地変更 2,92,後上右生中
Article: 補正予算案が衆院通過 1,131,年日本国半一今
Article: 補正予算案が衆院通過 2,92,後大円前年
Article: 補正予算案が衆院通過 3,80,日本半国上
Article: 投資促進税制を新設 1,163,入人高見一小
Article: 投資促進税制を新設 2,128,人生一大円上中小国後
Article: 投資促進税制を新設 3,61,下年千円見
Article: 「ぎりぎり過半数国会」 1,94,日本半国今後
Article: 「ぎりぎり過半数国会」 2,127,半高国木一長日入
Article: 「ぎりぎり過半数国会」 3,98,下年月大来人半
Article: 「ぎりぎり過半数国会」 4,98,半一
Article: 「ぎりぎり過半数国会」 5,88,生
Article: 阪神タイガース、中学部活動の地域展開を支援 1,98,日本西中学大
Article: 阪神タイガース、中学部活動の地域展開を支援 2,100,見本長上年大
Article: 阪神タイガース、中学部活動の地域展開を支援 3,85,西来年月中学校行今
Article: 阪神タイガース、中学部活動の地域展開を支援 4,45,本長今年西語
Article: 通信の途絶を防げ 1,152,電話川水学校日
Article: 通信の途絶を防げ 2,156,年半雨生大月今中
Article: 通信の途絶を防げ 3,130,電大何人一入
Article: 通信の途絶を防げ 4,145,日人話聞後入学大
Article: 通信の途絶を防げ 5,73,長年時電入語
Article: 通信の途絶を防げ 6,28,読
Article: 女児の体触った小学校教諭に有罪判決 1,91,小学校東川中日年行
Article: 女児の体触った小学校教諭に有罪判決 2,65,月日小学校女時下右入
Article: 女児の体触った小学校教諭に有罪判決 3,160,月後上女中行一生
Article: 女児の体触った小学校教諭に有罪判決 4,28,読
Article: 男性と女性の違いを知る 1,21,女
Article: 男性と女性の違いを知る 3,37,男上女
Article: 男性と女性の違いを知る 4,16,大
Article: 男性と女性の違いを知る 5,23,何
Article: 男性と女性の違いを知る 6,43,外上
Article: 男性と女性の違いを知る 7,374,中年間行人女気先高大上今何男
Article: 男性と女性の違いを知る 8,35,今男女
Article: 男性と女性の違いを知る 9,223,人中長男女本間大
Article: 男性と女性の違いを知る 10,194,女入出分後
Article: 男性と女性の違いを知る 11,175,一男出女大分時
Article: 男性と女性の違いを知る 12,93,男生本気高
Article: 男性と女性の違いを知る 13,142,女男前分気
Article: 男性と女性の違いを知る 14,145,時男長人女
Article: 男性と女性の違いを知る 18,69,上男長女人
Article: 男性と女性の違いを知る 19,73,男女右左分
Article: 男性と女性の違いを知る 20,185,右一間見左語分
Article: 男性と女性の違いを知る 21,8,右左
Article: 男性と女性の違いを知る 22,23,右間
Article: 男性と女性の違いを知る 23,24,左語学
Article: 男性と女性の違いを知る 24,91,右左大男女
Article: 男性と女性の違いを知る 25,200,女右左子読語男一大分
Article: 男性と女性の違いを知る 26,217,男左中右女円時分一話入
Article: 男性と女性の違いを知る 27,9,男一中
Article: 男性と女性の違いを知る 28,65,一時行
Article: 男性と女性の違いを知る 29,10,女分
Article: 男性と女性の違いを知る 30,56,一時
Article: 男性と女性の違いを知る 31,59,男女生学
Article: 男性と女性の違いを知る 32,157,男話分間出上
Article: 男性と女性の違いを知る 33,145,女話時聞
Article: 男性と女性の違いを知る 34,141,男話分気見出
Article: 男性と女性の違いを知る 35,116,女話分
Article: 男性と女性の違いを知る 36,208,女話子一生何人分聞男上高
Article: 男性と女性の違いを知る 37,160,女一話聞男出長
Article: 男性と女性の違いを知る 38,156,女話聞後
Article: 男性と女性の違いを知る 39,180,男生女前本来入
Bunpro 11 1,42,母前時間
Bunpro 11 2,33,分二時間
Bunpro 11 3,70,母一日中気月毎
Bunpro 11 4,40,中子
Bunpro 11 5,53,母子
Bunpro 11 6,22,分
Bunpro 11 7,26,母友外
Bunpro 11 8,19,中
Bunpro 11 9,19,母
Bunpro 11 10,23,高人
Bunpro 11 11,52,母上
Bunpro 11 15,51,子日
Bunpro 11 16,57,大何
Bunpro 11 17,70,子先月一日中外行
Bunpro 11 18,17,今何
Bunpro 11 19,80,子二間一日前出
Bunpro 11 20,79,大行前
Bunpro 11 21,33,子一月間二行
Bunpro 11 22,73,間
Bunpro 11 23,61,子分大外
Bunpro 12 1,80,母日行
Bunpro 12 2,72,今先
Bunpro 12 3,35,母大出下
Bunpro 12 4,49,何山人来
Bunpro 12 5,41,母日前
Bunpro 12 6,37,日
Bunpro 12 7,19,母間
Bunpro 12 8,70,名人気母今日何食
Bunpro 12 9,36,母行食中日
Bunpro 12 10,29,食
Bunpro 12 14,22,父母
Bunpro 12 15,18,母時
Bunpro 12 16,33,父学校休
Bunpro 12 17,27,母学校友
Bunpro 12 18,41,父学校休
Bunpro 12 19,34,母大女子
Bunpro 12 20,12,父分
Bunpro 12 21,82,母生子
Bunpro 12 22,63,父子
Bunpro 12 23,19,母
Bunpro 12 24,22,父今行
Bunpro 12 25,12,行後
Bunpro 12 26,32,父
Bunpro 12 27,44,父女子分
Bunpro 12 28,62,父今
Bunpro 12 29,91,大
Bunpro 12 30,50,父上前人
Bunpro 12 31,42,日学校行父気出
Bunpro 12 32,29,父一上
Bunpro 13 1,22,木
Bunpro 13 3,56,木日本
Bunpro 13 4,40,白日本名
Bunpro 13 5,68,木時
Bunpro 13 7,50,木休行名
Bunpro 13 8,80,聞中休時間
Bunpro 13 9,39,木
Bunpro 13 11,13,木
Bunpro 13 12,42,今日時
Bunpro 13 13,30,木
Bunpro 13 17,63,何
Bunpro 13 18,60,山本間
Bunpro 13 19,37,見
Bunpro 13 20,125,山本話
Bunpro 13 22,38,山本出
Bunpro 13 23,26,時間
Bunpro 13 24,84,山本今中時見上
Bunpro 14 1,21,山先車
Bunpro 14 2,15,木聞
Bunpro 14 3,18,山車
Bunpro 14 4,56,木車本見
Bunpro 14 5,72,山上車
Bunpro 14 6,50,木車
Bunpro 14 7,31,山車
Bunpro 14 8,55,木人先
Bunpro 14 9,13,山
Bunpro 14 10,7,人間
Bunpro 14 13,28,中人間書
Bunpro 14 14,30,人間
Bunpro 14 15,93,中人間毎年行気書
Bunpro 14 16,26,見
Bunpro 14 17,50,中気見人間
Bunpro 14 18,33,中気
Bunpro 14 19,62,中日前書出下聞
Bunpro 15 1,80,先生一間出来
Bunpro 15 2,59,生本
Bunpro 15 3,62,先生上出来一三
Bunpro 15 4,35,生本
Bunpro 15 5,64,先生気
Bunpro 15 6,38,生大
Bunpro 15 7,40,先生毎日五時間何
Bunpro 15 8,34,生先
Bunpro 15 12,33,山中
Bunpro 15 13,48,大出
Bunpro 15 14,12,山中
Bunpro 15 15,61,大
Bunpro 15 16,19,山中大
Bunpro 15 17,82,一人万金
Bunpro 15 18,26,山中
Bunpro 15 19,96,長間出来休
Bunpro 15 20,41,山中話今日
Bunpro 15 21,35,今日
Bunpro 15 22,40,山中大
Bunpro 15 23,45,聞長
Bunpro 15 24,68,話長人
Bunpro 15 25,26,山中
Bunpro 15 26,63,今一
Article: 日本の季節と自然をめぐる小さな旅 1,65,火山日本人生大一
Article: 日本の季節と自然をめぐる小さな旅 2,57,南気
Article: 日本の季節と自然をめぐる小さな旅 3,53,日本四月
Article: 日本の季節と自然をめぐる小さな旅 4,51,行中西見日山金
Article: 日本の季節と自然をめぐる小さな旅 5,54,雨日聞気
Article: 日本の季節と自然をめぐる小さな旅 6,54,川水小生本人大
Article: 日本の季節と自然をめぐる小さな旅 7,63,火山人
Article: 日本の季節と自然をめぐる小さな旅 8,55,東見一
Article: 日本の季節と自然をめぐる小さな旅 9,52,午時間人大
Article: 日本の季節と自然をめぐる小さな旅 10,42,中千年大木見長
Article: 日本の季節と自然をめぐる小さな旅 11,52,百年前生十分時
Article: 日本の季節と自然をめぐる小さな旅 12,49,一万円人見日本金読
Article: 日本の季節と自然をめぐる小さな旅 13,43,小五百円食人気日本生
Article: 日本の季節と自然をめぐる小さな旅 14,50,山上休気木下人来
Article: 日本の季節と自然をめぐる小さな旅 15,51,午後水見
Article: 日本の季節と自然をめぐる小さな旅 16,49,山中東西南北気
Article: 日本の季節と自然をめぐる小さな旅 17,54,後本語読行
Article: 日本の季節と自然をめぐる小さな旅 18,49,火人時間
Article: 日本の季節と自然をめぐる小さな旅 19,41,雨上西川小見
Article: 日本の季節と自然をめぐる小さな旅 20,41,千見日間
Blog: 土と暮らし：日本の大地を感じる 1,59,日本土生
Blog: 土と暮らし：日本の大地を感じる 2,67,土大水気人毎日
Blog: 土と暮らし：日本の大地を感じる 3,67,土雨日天気
Blog: 土と暮らし：日本の大地を感じる 4,63,土上人
Blog: 土と暮らし：日本の大地を感じる 5,69,日本土気
Blog: 自然と旅の小さな記録 1,61,雨上川土水気見日
Blog: 自然と旅の小さな記録 2,68,午前中南行東土間気
Blog: 自然と旅の小さな記録 3,63,前西大下土何百年人
Blog: 自然と旅の小さな記録 4,62,午後天気雨土聞
Blog: 自然と旅の小さな記録 5,63,後読書時間本百年前人土生
Blog: 自然と旅の小さな記録 6,58,火小土上
Blog: 週末の小さな探検 1,80,小出気時間前見
Blog: 週末の小さな探検 2,83,山見川聞中気人
Blog: 週末の小さな探検 3,74,人聞話千年上前
Blog: 週末の小さな探検 4,98,中小母人気一万円上聞
Blog: 週末の小さな探検 5,89,金日小来
Blog: Youtubeから振り返る2025年の私 1,167,年木大時間分一見日学
Blog: Youtubeから振り返る2025年の私 2,27,木
Blog: Youtubeから振り返る2025年の私 3,117,年本木生間
Blog: Youtubeから振り返る2025年の私 4,91,分白日小入見一年
Blog: Youtubeから振り返る2025年の私 5,92,一気何本
Blog: Youtubeから振り返る2025年の私 6,120,中食一気大上年
Blog: Youtubeから振り返る2025年の私 7,112,生間年日出
Blog: Youtubeから振り返る2025年の私 8,107,見来生
Blog: Youtubeから振り返る2025年の私 9,46,年
Blog: Youtubeから振り返る2025年の私 10,69,何木日来生
Blog: Youtubeから振り返る2025年の私 11,115,来年行一小白
Blog: レコードっていいね 1,539,年外日本生男五小子中女時人気山後一二今間長
Blog: レコードっていいね 2,89,下今
Blog: フリーライドUSA 1,74,今北
Blog: フリーライドUSA 2,169,車金後
Blog: フリーライドUSA 3,9,今人
Blog: フリーライドUSA 4,53,前金入出
Blog: フリーライドUSA 5,61,一見時間
Blog: フリーライドUSA 6,57,本前
Blog: フリーライドUSA 7,13,高
Article: 電気自動車に「EV重量税」導入検討 1,130,電気車入
Article: 電気自動車に「EV重量税」導入検討 2,70,車出
Article: 電気自動車に「EV重量税」導入検討 3,124,電車時上大下年円万千一
Article: 明日12月11日(木)の天気予報 1,66,天気北日本東西雨
Article: 明日12月11日(木)の天気予報 2,116,日金気今南下北本山大
Article: 明日12月11日(木)の天気予報 3,17,北日本
Article: 明日12月11日(木)の天気予報 4,80,水上下気中四国東南北
Article: 明日12月11日(木)の天気予報 5,39,北日本中大
Article: 明日12月11日(木)の天気予報 6,59,天間外出
Article: 明日12月11日(木)の天気予報 7,16,東日本西雨
Article: 明日12月11日(木)の天気予報 8,50,東日本西雨外出時
Article: 明日12月11日(木)の天気予報 9,34,北山
Article: 明日12月11日(木)の天気予報 10,50,日九北雨
Article: 明日12月11日(木)の天気予報 11,80,北気南下国今日木中高出
Article: 明日12月11日(木)の天気予報 12,64,北気上大
Article: 後発地震注意の北日本　冬の避難時の寒さ対策や注意点とは？ 1,159,月日東大生一時先北本間高気長外見
Article: 後発地震注意の北日本　冬の避難時の寒さ対策や注意点とは？ 2,83,北三後大生中
Article: 後発地震注意の北日本　冬の避難時の寒さ対策や注意点とは？ 3,127,半一人生学
Article: 後発地震注意の北日本　冬の避難時の寒さ対策や注意点とは？ 4,112,電中十分高
Article: 後発地震注意の北日本　冬の避難時の寒さ対策や注意点とは？ 5,62,高人子
Article: 後発地震注意の北日本　冬の避難時の寒さ対策や注意点とは？ 6,100,上中聞高人
Article: 後発地震注意の北日本　冬の避難時の寒さ対策や注意点とは？ 7,135,時上下大先中電話行
Article: 後発地震注意の北日本　冬の避難時の寒さ対策や注意点とは？ 8,103,入出外時間
Article: 後発地震注意の北日本　冬の避難時の寒さ対策や注意点とは？ 9,85,先生後大下高
Article: 後発地震注意の北日本　冬の避難時の寒さ対策や注意点とは？ 10,70,大前出下上時
Article: 後発地震注意の北日本　冬の避難時の寒さ対策や注意点とは？ 11,82,子大一
Article: 後発地震注意の北日本　冬の避難時の寒さ対策や注意点とは？ 12,35,外
Article: 後発地震注意の北日本　冬の避難時の寒さ対策や注意点とは？ 13,88,車中学一
Article: 後発地震注意の北日本　冬の避難時の寒さ対策や注意点とは？ 14,120,車下十分時気一入
Article: 後発地震注意の北日本　冬の避難時の寒さ対策や注意点とは？ 15,83,車長時間生
Article: 後発地震注意の北日本　冬の避難時の寒さ対策や注意点とは？ 16,174,入水分電中火一大生
Article: 後発地震注意の北日本　冬の避難時の寒さ対策や注意点とは？ 17,74,電時火十分
Article: 後発地震注意の北日本　冬の避難時の寒さ対策や注意点とは？ 18,83,高人
